x_ifp_mocap,y_ifp_mocap,x_ifp_exo,y_ifp_exo,x_ifd_mocap,y_ifd_mocap,x_ifd_exo,y_ifd_exo,x_tip_mocap,y_tip_mocap,x_tip_exo,y_tip_exo
0.0489841262937444,0.001247145235527305,0.04730409558939096,0.013379044780538262,0.07496727714027682,0.0021830256158866922,0.07284292023880708,0.008503756529944756,0.09894469138171481,0.00322398973365757,0.0956818101427829,0.015878382483447123
0.04898187682019953,0.0013325701372912371,0.04713852130674921,0.013943547820837354,0.074963347163912,0.0023139970468415987,0.07273185070280537,0.009362992131298441,0.09893889294213914,0.003397142760092781,0.09548428742795641,0.01700017898694092
0.04897589389312228,0.0015368205391744576,0.04696848969644543,0.014498646127425588,0.07494975014346299,0.0027024926571548582,0.07261216434167105,0.010208896637092596,0.09891439727398746,0.004004678477015289,0.09527652930434533,0.018103613911238797
0.04896469102457888,0.0018598475387850075,0.04679428019901284,0.015044363987637775,0.07492204906673458,0.003348324435258135,0.0724842896868958,0.011041438493391929,0.09886192064829206,0.0050461314497730995,0.09505910995369159,0.01918867667095038
0.048945917656342555,0.002301552688628841,0.046616164973047956,0.015580735903382482,0.07487272613556253,0.004251065982209329,0.07234864659808736,0.011860602919602368,0.0987651974103354,0.00652038667002606,0.09483259084599695,0.02025537814332893
0.04891636058225417,0.0028617594914476293,0.046434408693117046,0.016107805936330797,0.07479119488773842,0.005409886188402665,0.07220564581504474,0.01266639093587306,0.09860102346522649,0.008425191000628465,0.09459752023408234,0.021303749328463316
0.0488719466040605,0.003540174449071607,0.04624926838824314,0.016625627065570053,0.07466382508483507,0.006823313866299767,0.07205568857575324,0.013458818402946035,0.09833934849189237,0.010756454011512255,0.0943544327346061,0.022333840033230933
0.048807747081640165,0.0043363377191642264,0.04606099331844052,0.017134260559875936,0.07447398834681512,0.008488934414947505,0.07189916629665574,0.014237915078441053,0.09794344870310939,0.013507343583631527,0.0941038489901755,0.0233457175839911
0.04872144728193717,0.005217334065729088,0.045869824886747394,0.01763377536645407,0.0742130725310232,0.010333684538493742,0.07173646031146245,0.01500372369303106,0.09739371471217428,0.01655122650211888,0.09384627540713222,0.02433946557224416
0.04860086022170285,0.006241505083751971,0.04567599658421437,0.01812424751771696,0.07384143934269725,0.012479546894835103,0.07156794166471517,0.015756299049457967,0.0966042749966817,0.020085683429876714,0.09358220396360147,0.025315182636772585
0.04843795298122077,0.007400318303224922,0.045479733965334765,0.018605759557393874,0.07333277756385521,0.014900165568327055,0.0713939709563175,0.016495707146864342,0.09551854843205305,0.024053939160885714,0.09331211208245598,0.026272981285123807
0.04822500191621805,0.00868039113063262,0.045281254651449665,0.01907839998702268,0.07266067733785583,0.01756283261303862,0.07121489823327598,0.017222024332474706,0.09407950370478697,0.028390292013251356,0.0930364625639544,0.02721298675668904
0.04795641306248466,0.010058948562367293,0.045080768359722065,0.01954226273364141,0.07180590364057474,0.02041277873122714,0.07103106292495942,0.01793533648224971,0.0922469222670716,0.03298913581550271,0.09275570357295901,0.028135335929077347
0.047630396467239274,0.011504144139117904,0.0448784769553506,0.019997446639284377,0.07076224715472515,0.023375011157657846,0.07084279381827631,0.018635738211760122,0.09001051931825656,0.03771042251271223,0.09247026867581451,0.02904017626898131
0.04725075840478822,0.012975585927900737,0.044674574524778285,0.0204440549726961,0.06954260058308608,0.026357430804369027,0.07065040906928098,0.01932333211818673,0.08740295536001866,0.04238889135049836,0.09218057692217099,0.02992766482828127
0.04682860244017874,0.014425047434919808,0.04446924746774593,0.020882194963499856,0.06818438447956489,0.029255103857139912,0.07045421624784995,0.019998228054040862,0.08451044437944932,0.04684657247534759,0.09188703296725309,0.030797967285729415
0.0463807943306875,0.015805755826738134,0.04426267460614094,0.021311977358900384,0.06674397449429251,0.0319717971982231,0.07025451241221407,0.020660542432920474,0.08145880140070072,0.05093159332356277,0.09159002723031283,0.03165125703419589
0.04588598681996319,0.01718942155973158,0.04405502730769692,0.021733516002860692,0.0651541373419415,0.03464617886062761,0.05796922176374941,0.043697012824613767,0.07811141210214716,0.05484788747125105,0.05900786158979443,0.06767452786082534
0.04532868915526956,0.018609404597271454,0.04384646962270771,0.022146927437568617,0.06336983230977411,0.037331507942747186,0.05753376476057724,0.044252536495200404,0.07438495125754763,0.05865443350577443,0.058325063213295336,0.06823948808890495
0.044724747690127624,0.02001741601841817,0.04363715843203006,0.022552330526899325,0.06144477677734743,0.03992823286059025,0.057088106691055795,0.04480254380527066,0.07040239276545703,0.062193926557611315,0.05762312897285746,0.0687965795466372
0.04409248802163302,0.021374108169983343,0.04342724360475797,0.022949846101487807,0.059439986574925066,0.04236111100880476,0.05663239875998927,0.04534680744284544,0.0662985805884279,0.06536023464771637,0.05690237470981107,0.06934528891535777
0.04345141260287528,0.02264894573296275,0.043216868164062894,0.023339596624942213,0.05741902858214152,0.04457850806000764,0.056166796872627864,0.04588509166149185,0.06220870838710788,0.0680957138329284,0.05616313522268144,0.06988509138216517
0.042820731820328126,0.023819843122311665,0.04300616845980032,0.023721705880663677,0.05544309043554825,0.046550352641211115,0.0556914622405634,0.046417153038535074,0.058257429237560755,0.07038477097075058,0.05540576473697445,0.07041545249779768
0.04221791600185665,0.02487262689102574,0.04279527434659,0.024096298678679087,0.053566546790766716,0.048265116694742705,0.0552065619531491,0.0469427412890128,0.05455016475139885,0.07224495188407463,0.05463063729058591,0.07093583010189913
0.04165702125723884,0.0258010189716211,0.042584309366178706,0.024463500581849554,0.0518313517400376,0.04972763593321414,0.05471226951210924,0.04746160012721895,0.05116260654653856,0.07371831703788834,0.053838147034909765,0.07144567630068985
0.041142997933359106,0.02661303667482552,0.04237339093299364,0.024823437650779767,0.05024524209465546,0.050967690259472266,0.05420876532753031,0.04797346816784702,0.04809716101769862,0.07487136670655505,0.053028708452510884,0.07194443948257931
0.040674078634950095,0.027324335805246878,0.04216263052188991,0.02517623620672608,0.048798292456219326,0.052022456174746615,0.053696237173817524,0.048478079859077074,0.045324924964849314,0.07576978693569518,0.0522027564927075,0.07243156635802228
0.04025581111586631,0.02793688728909673,0.041952133857185915,0.025522022611781797,0.04750625042117416,0.05290549017111732,0.05317488060446861,0.04897516644041073,0.04286888437955591,0.0764532042044592,0.051360746626610596,0.0729065040108513
0.03988726823455291,0.028460601412915138,0.04174200110216638,0.025860923065605668,0.04636590591713946,0.05364049922402171,0.05264489932466114,0.04946445691860998,0.040716517228443105,0.07696611620287203,0.05050315482311146,0.07336870194935882
0.0395606074257114,0.028912944161893103,0.04153232704831572,0.02619306341795167,0.04535446450226576,0.05425917110352015,0.05210650552069816,0.04994567905569151,0.03882053554220398,0.07735262845284024,0.049630477447063365,0.07381761414647484
0.03926084452333512,0.029318698595171423,0.041323201303620175,0.026518568996258894,0.0444293866801933,0.05479979299813575,0.0515599201453173,0.050418560363538555,0.037100028687386044,0.07765325031674014,0.04874323108050062,0.07425270105944246
0.03896572352229531,0.029709802934116573,0.04111470847934984,0.026837564447563328,0.043528410203684,0.05530632399162512,0.0510053731577728,0.05088282910027605,0.035441610898201706,0.07790286525335036,0.047841952267251034,0.07467343162037648
0.03866006387641748,0.030106468757915145,0.04090692837480013,0.027150173594000446,0.042609885487341764,0.05580469650307056,0.050443103717466006,0.051338215264088806,0.03377151589494376,0.07811799350168047,0.04692719718077018,0.0750792851899624
0.03837308215919581,0.030471405704424078,0.04069993615953382,0.027456519301180364,0.04175477955300991,0.05625054693792274,0.04987336032975495,0.05178445158062415,0.032231480813239136,0.07828022648877142,0.04599954121451924,0.07546975346728865
0.038103428093068985,0.030807933516487623,0.0404938025527249,0.027756723358730702,0.040957667079701034,0.05665079171381536,0.04929640094243986,0.05222127448049436,0.030808768421898322,0.07839935157495675,0.04505957849376584,0.0758443423493892
0.03785146161193391,0.031116986580327688,0.04028859399925855,0.02805090637231942,0.04021930698802638,0.057008941088918144,0.04871249299131939,0.05264842506367436,0.029502677579498794,0.07848343419400172,0.04410792130735276,0.07620257373449693
0.03761563484484399,0.031401656249620956,0.04008437284229201,0.028339187666489365,0.03953461293953934,0.05733074267919035,0.04812191339315974,0.05306565004777546,0.02830215298362985,0.07853998225393441,0.043145199457782085,0.07654398726329006
0.03739242029746427,0.03166712655574835,0.03988119749202723,0.028621685197656177,0.038892581234788316,0.05762381195974643,0.04752494848443134,0.05347270269727016,0.027186027273835824,0.07857510295479748,0.042172059527929975,0.07686814199255515
0.03717625497030715,0.031920621334534084,0.03967912259048799,0.0288985154766436,0.038276250190064046,0.057897341884220715,0.0469218939042544,0.05386934373075807,0.02612325734498578,0.0785928671229644,0.041189164062850836,0.07717461799572825
0.03695949019716237,0.032171355028438875,0.039478199172132446,0.02916979350015351,0.037662672745904666,0.05816184433324313,0.04631305442016305,0.05425534220331064,0.025073159040085793,0.07859476249612429,0.040197190665455115,0.07746301788472795
0.03673852514193554,0.03242346018541775,0.039278474820167816,0.029435632690590657,0.03704128302148741,0.05842169738847383,0.0456987436955506,0.054630476360829815,0.024017467435717903,0.07858057204922479,0.03919683100535021,0.07773296824739934
0.036518427668894,0.03267115609512093,0.03907999381846458,0.029696144843687183,0.03642857425228246,0.05867100083241741,0.04507928399799543,0.05499453446322195,0.02298556674469896,0.07855279021745651,0.03818878974081,0.07798412099477345
0.036296466509697034,0.03291757158282551,0.03888279729899716,0.02995144008339573,0.035817265518925154,0.0589131551771679,0.04445500584808047,0.05534731557304016,0.021965196269396577,0.07851213927089748,0.03717378335465997,0.07821615461225043
0.03607927093477516,0.03315548535031705,0.038686923384762914,0.03020162682354445,0.03522410723537909,0.059141417987943035,0.043826247608807115,0.05568863030610693,0.02098307843743956,0.07845962439475672,0.03615253890582178,0.07842877530876088
0.0358720587791515,0.03337956558952049,0.038492407328155155,0.030446811735771566,0.034661682299335826,0.05935137701608657,0.04319335501625064,0.056018301540508984,0.02005841067154431,0.07839722847421098,0.03512579269931358,0.07862171805798121
0.03567856405213236,0.03358630773362695,0.03829928164478598,0.03068709972328062,0.03413832697283494,0.05954064590163958,0.042556680652699214,0.05633616508027597,0.01920301088817647,0.07832724573905939,0.03409428887862606,0.0787947475257933
0.035500968398771156,0.03377397286002125,0.03810757624277297,0.030922593899981803,0.033658066455702476,0.05970857739581924,0.041916583364148184,0.05664207027002698,0.018421480870778627,0.07825167475611185,0.03305877794555655,0.07894765887840871
0.03533984244047077,0.033942532850138055,0.0379173185475202,0.031153395574607307,0.033220567836708334,0.05985601727724371,0.041273427624670095,0.056935880556902387,0.01771136756413335,0.07817171292073921,0.032020015213750815,0.07908027846593221
0.03519612179635547,0.03409153869358365,0.03772853362203803,0.03137960423941094,0.032827371730600935,0.05998341045145368,0.04062758285082814,0.057217473996204964,0.017073859335154103,0.07808939971485773,0.030978759203333595,0.07919246437662492
0.03507122072414324,0.03422001573521593,0.03754124428285828,0.03160131756308511,0.0324825431847476,0.06009082454740865,0.03997942266994177,0.0574867436973553,0.016514941704745698,0.07800829375976788,0.029935769985091856,0.07928410685774942
0.03496392345729286,0.034329638164020404,0.037355471211612264,0.03181863138754815,0.032182552349908584,0.06018044037136028,0.03932932414661555,0.057743598207025036,0.016028134108338407,0.07792965926336859,0.028891807483651125,0.0793551285996266
0.03487373506413931,0.034421252195064325,0.03717123306234871,0.032031639728275836,0.03192627488657525,0.06025364423493694,0.03867766697250777,0.05798796182664568,0.0156111918381008,0.07785529373495204,0.027847629749956547,0.07940548488040133
0.03479859223280463,0.0344972169691265,0.0369885465646751,0.03224043477787174,0.03170863976549661,0.06031295235957736,0.03802483262481894,0.0582197748618991,0.015255821233917569,0.07778592469879113,0.026803991214095636,0.07943516356999014
0.03473485345462652,0.03456139400379592,0.03680742662281432,0.03244510691258754,0.03152062834115513,0.06036195130242669,0.03737120349941387,0.058438993802266255,0.01494774732989742,0.07772108765728876,0.02576164093006353,0.07944418499273961
0.03467729633021739,0.03461914382572585,0.036627886410671946,0.032645744701525106,0.0313492776066802,0.060405269773137676,0.03671716202484486,0.0586455914292409,0.014666756749470981,0.07765906639442598,0.02472132082446441,0.07943260164945426
0.034619116109216606,0.034677324000224975,0.03644993746301548,0.032842434918267556,0.03117768342182771,0.060448558760285875,0.03606308976381112,0.05883955685238979,0.014386730885576536,0.07759685059724038,0.023683763961353993,0.07940049780062022
0.034559622395532,0.034736616125901544,0.036273589762869055,0.03303526255470394,0.031004204162542036,0.06049237278705445,0.035409366508758464,0.05902089547305046,0.014105186874163355,0.0775341806338493,0.022649692835444026,0.07934798891383843
0.03450568580377743,0.03479019469923951,0.036098851825230635,0.033224310836827343,0.0308449135432739,0.06053118820098159,0.03475636937840171,0.059189628876088037,0.013846156500227757,0.07747350973586839,0.021619817705727525,0.07927522097966219
0.03445709706935272,0.03483831886806832,0.035925730777219486,0.03340966124230215,0.030699126511173146,0.0605653019264033,0.0341044719219278,0.05934579465077345,0.013608387808329837,0.07741483161097118,0.02059483498123308,0.07918236970118517
0.03441192785361872,0.03488293596297967,0.035754232434764305,0.03359139351960837,0.0305633638872602,0.06059652294334565,0.03345404323752066,0.05948944614247719,0.013387236523966489,0.07735900034974096,0.01957542567009398,0.07906963956381793
0.034368185287850524,0.03492603384325187,0.03558436137594162,0.03376958570858685,0.0304336847536893,0.06062661176567776,0.03280544711163794,0.05962065213749166,0.013177200544353361,0.07730635255302033,0.01856225390243798,0.07893726279271271
0.03432381306797925,0.03496964192659709,0.03541612101107472,0.03394431416221991,0.030305688301794285,0.060657278512382305,0.03215904118517422,0.059739496483880515,0.01297192876010865,0.07725669959117365,0.01755596553677847,0.07878549820621664
0.03427669141090023,0.035015831075699444,0.03524951364970306,0.03411565356949471,0.0301745146488705,0.06069017908714977,0.03151517615226922,0.059846077651799674,0.012764228888633548,0.07720931797956454,0.016557186858638592,0.07861462997454507
0.034224635775841845,0.03506671222129281,0.03508454056453129,0.03428367697920805,0.03003484475748099,0.060726908074451504,0.030874194997076394,0.059940508237229996,0.012546076230483202,0.07716293482695746,0.015566523379089585,0.07842496629355075
0.034167448344062296,0.035122435474434784,0.034921202052465426,0.03444845582458143,0.02988648224680651,0.06076757788531148,0.03023643227330241,0.060022914413498614,0.012317363077537256,0.0771176864970613,0.014584558739752701,0.07821683798401427
0.03410820313449203,0.03517997269663847,0.03475949749284272,0.03461005994856604,0.029735608593193175,0.06080965113741106,0.029602213430777333,0.0600934353353386,0.012086650037969313,0.07707354556390038,0.013611853729627262,0.07799059702728953
0.03404681794604888,0.03523938404326336,0.03459942540295993,0.03476855762972583,0.029582067470668452,0.060853169456446435,0.02897185419272598,0.06015222250053882,0.011853722818777161,0.07703049296510378,0.012648945417884638,0.07774661504839928
0.0339813691559007,0.03530250062375753,0.03444098349100291,0.034924015608595975,0.02942281677076217,0.06089975829234281,0.028345659986797465,0.06019943907446652,0.011614953587728682,0.07698950685639316,0.01169634640553669,0.07748528175779687
0.03391056092484405,0.03537052244118597,0.03428416870647746,0.035076499114423176,0.029255761595127116,0.060950452918027906,0.02772392543228335,0.0602352591829041,0.011367807613548022,0.0769511123529671,0.010754544197666069,0.07720700336298819
0.03383372950370676,0.03544402273825593,0.03412897728824091,0.035226071892200034,0.02907975776492754,0.06100570798604209,0.027106933885325084,0.060259867178723524,0.011110843470705775,0.07691539431503402,0.009824000696715608,0.07691220096105147
0.03375084856086158,0.03552295344452355,0.0339754048102292,0.03537279622991542,0.028894616249763583,0.0610654084506628,0.02649495704329001,0.06027345688794001,0.010843714092108554,0.07688201147706404,0.008905151816192391,0.07660130892281494
0.033662535899714116,0.035606652142548566,0.03382344622497385,0.035516732985947326,0.028701108837538142,0.06112888248213111,0.025888254608892075,0.0602762308406306,0.010567168886103564,0.07685021263698012,0.007998407213066841,0.07627477327905555
0.03356811762105963,0.035695678721362145,0.033673095904999104,0.03565794161653264,0.028498265443067064,0.06119659240878331,0.02528707401405405,0.060268399492090126,0.01028014541619425,0.07682029564093847,0.007104150136146438,0.07593305011858725
0.03346534911016382,0.035792043933461776,0.0335243476821878,0.03579648020325319,0.028285333791122927,0.061270808450103895,0.024691650202966244,0.06025018043942506,0.009984128251433914,0.07679710471785739,0.00622273738679828,0.07557660400752425
0.03335507816780991,0.03589482915991231,0.033377194885201626,0.035932405480483265,0.028062811971712336,0.06135051454667105,0.024102205473289652,0.06022179763856165,0.009678965217979271,0.0767788708601368,0.0053544993875779615,0.0752059064383458
0.0332396613574149,0.03600173485881449,0.033231630375038304,0.03606577286274917,0.027831511929842165,0.06143305255509293,0.02351894937399239,0.060183480626380466,0.009363160536651816,0.076760152633635,0.0044997403536160135,0.07482143431667587
0.03312163018713154,0.036110353276406715,0.03308764657880645,0.03619663647195553,0.027592993295936955,0.061515749831574325,0.022942078657895826,0.06013546375238405,0.009036561140810903,0.0767360923268076,0.003658738561007277,0.07442366849292895
0.03300369535730882,0.036218173514990404,0.03294523552179514,0.036325049164438204,0.02734956548844389,0.06159593573757436,0.0223717772866446,0.060077985423973086,0.008700345838737463,0.0767024444823838,0.002831746705953167,0.07401309234518624
0.03288874929172344,0.03632258484780731,0.03280438885791339,0.03645106255780704,0.02710428767575418,0.06167095765186277,0.0218082164855048,0.060011287369049336,0.008357011517868187,0.07665560434973187,0.0020189923480133654,0.07359019041885884
0.03277986663695413,0.036420877848611796,0.0326650978985717,0.03657472705754604,0.02686096616479674,0.0617381963717235,0.021251554845136883,0.05993561391929401,0.00801035408311732,0.07659263759803835,0.0012206784305380525,0.07315544712788888
0.03267645215071833,0.036513688869269506,0.03252735364007515,0.03669609188334194,0.02661828175847716,0.06179804315207793,0.02070193846728089,0.059851211317088045,0.0076586663129247015,0.07651310285826902,0.00043698387115626014,0.0727093455214354
0.032577073275113826,0.0366023810267565,0.03239114678959518,0.036815205095115294,0.026374714861722756,0.06185175230827235,0.02015950115113669,0.059758327048659,0.007300924135213511,0.07641851266606399,-0.0003319357848968474,0.0722523661192142
0.03248150302923635,0.0366872179506938,0.032256467789784665,0.03693211361873098,0.026130222047568628,0.06189954092760146,0.019624364617109542,0.05965720920565625,0.006937504843719636,0.07630924621026006,-0.0010859476558485182,0.07178498581790313
0.03238930460959159,0.03676864080853531,0.032123306842098034,0.03704686327136876,0.02588461582521322,0.06194182145418242,0.019096638764526414,0.05954810587698447,0.006568762350018624,0.0761860414933707,-0.001824940766019953,0.07130767687030831
0.03229974292601447,0.03684734192466775,0.03199165392887645,0.03715949878653566,0.025637842284741287,0.061979374867623324,0.01857642195990388,0.0594312645723609,0.006195668661000662,0.07605068911982893,-0.002548825247055117,0.070820905938307
0.03221178197970189,0.03692426169461148,0.03186149883425504,0.037270063838705556,0.025389974656622058,0.06201336181491819,0.018063801352361374,0.059306931678717305,0.0058197744011985915,0.07590606716566335,-0.0032575315045843545,0.0703251332199547
0.03212408234543701,0.037000585582711826,0.03173283116394705,0.037378601067573,0.025141206506870396,0.062045334433981275,0.017558853212819338,0.059175351950237716,0.005443166246769035,0.07575617722031013,-0.003951009356913324,0.06982081165056131
0.032034998502095104,0.03707774090975291,0.03160564036395805,0.037485152101910175,0.02489184446669596,0.06207724791342322,0.017061643293700107,0.05903676803251565,0.005068423345336633,0.07560617895195117,-0.004629227152033247,0.06930838617701512
0.0319453711686162,0.03715498971738984,0.03147991573828033,0.037589757583017844,0.024641635681125637,0.06210805461789397,0.016572227205948413,0.058891420021029074,0.004694061473700602,0.0754532516280273,-0.005292170868923363,0.06878829310415707
0.031857429673910365,0.037230420016054824,0.03135564646561612,0.03769245718776329,0.0244247088505941,0.06214536856431879,0.01609065081031543,0.05873954505387082,0.004382371604557598,0.07534781976536999,-0.005939843208755249,0.06826095951159142
0.03177026980965323,0.03730482483837495,0.031232821615176175,0.03779328965119873,0.024221046995814077,0.06218472103805815,0.015616950619989953,0.05858137693843372,0.004095702046360384,0.07526028950239265,-0.006572262681234897,0.06772680273894985
0.03168245391624259,0.03737943437032141,0.03111143016159769,0.03789229278875633,0.02399952656496996,0.06221836806955791,0.015151154211816946,0.05841714581153947,0.0037767187095547987,0.07514268787537202,-0.007189462690924728,0.06718622993731524
0.031592756594272,0.037455276407671635,0.03099146099902468,0.03798950351801624,0.02373475290959014,0.06223937974209805,0.014693280643511587,0.058247077832310805,0.003379676705211651,0.07495436588892276,-0.0077914906279882845,0.06663963768424716
0.03150016673164119,0.03753317860079007,0.030872902954391095,0.038084957880045664,0.023407110850370526,0.0622415263096643,0.014243340874450797,0.05807139490692494,0.0028708229025541515,0.07466170655490921,-0.008378406967398777,0.06608741165963783
0.031403889360491044,0.03761377052402534,0.030755744799945646,0.038178691060308176,0.02300284609591501,0.062219104743798125,0.013801338187805136,0.057890314444246034,0.002228997255108403,0.0742377238133634,-0.00895028438025254,0.06552992637945898
0.031303347522136135,0.03769748577701666,0.030639975265055554,0.038270737409143156,0.0225141393967013,0.062166850716217484,0.013367268611954732,0.05770404914121615,0.0014460799476033528,0.0736619310138611,-0.009507206860437017,0.0649675449843311
0.031198428342212387,0.03778436275730794,0.030525583047324875,0.03836113046181611,0.021938409397112633,0.062079466155655384,0.012941121339316797,0.057512806796789946,0.0005254901967265795,0.0729186031747053,-0.010049268869518818,0.0644006190797631
0.031089683588591533,0.03787389040435723,0.030412556823061265,0.03844990295814163,0.021306235334346287,0.0619629779806127,0.012522879140890168,0.05731679015311974,-0.00047052393424270797,0.07205122637951343,-0.010576574502351735,0.06382948862485313
0.030977098886837664,0.03796602882255505,0.03030088525712335,0.03853708686168143,0.020607874056476308,0.0618088301767881,0.012112518775001344,0.05711619676264331,-0.001550014497862011,0.0710298916565486,-0.011089236675547912,0.06325448186622945
0.030860837571788508,0.038060592538315625,0.03019055701218029,0.03862271337852018,0.01983559263998412,0.06160722656939789,0.011710011388904533,0.0569112188796819,-0.0027140389210138886,0.06982392398765802,-0.011587376340625524,0.06267591531400887
0.03074138277997226,0.038157140678714715,0.030081560757412446,0.03870681297562292,0.01899178608009889,0.061350824676525945,0.011315322912056024,0.056702043375134674,-0.003943812762619684,0.06841894364311715,-0.01207112172332614,0.06209409375659481
0.03061954168392616,0.03825498225154873,0.02997388517668162,0.038789415398778136,0.01808854595090515,0.061035986310610954,0.010928414440038496,0.056488851672842615,-0.00520410373382733,0.066819797395383,-0.012540607590303413,0.061509310311186886
0.030496449856242842,0.0383531816954691,0.029867518976198063,0.03887054969013052,0.017146913643732428,0.06066438701725467,0.010549242608260526,0.05627181970619501,-0.006448286706403135,0.0650537514857128,-0.012995974544109806,0.06092184650694855
0.03037357556561596,0.03845056446087387,0.029762450891709077,0.03895024420530921,0.016195786908777314,0.06024483684611347,0.01017775995469812,0.05605111789356736,-0.007624877643971201,0.06317330748203086,-0.013437368347153936,0.060331972397876764
0.03024963273282105,0.0385481480687392,0.029658669695234834,0.03902852663015572,0.015212703656485823,0.05975877662975229,0.009813915271074607,0.05582691113119547,-0.008748778673139284,0.061117954530935124,-0.013864939275073249,0.059739946702509976
0.03012279435983696,0.038647344798251985,0.029556164201373573,0.039105423997058,0.014160761177434936,0.059170831263370346,0.009457653942001515,0.05559935880212848,-0.009836014870588397,0.0587774620970473,-0.014278841499749825,0.059146016967742625
0.02999424698837653,0.038747195351409185,0.029454923273199353,0.03918096270089569,0.013082142672562497,0.05849512505583705,0.009108918271709746,0.05536861479992967,-0.010811310756623095,0.0562361688306438,-0.014679232502016457,0.05855041975411355
0.029865263269566542,0.03884669934292333,0.029354935827772863,0.03925516851460327,0.012018905697104176,0.05775456864107047,0.008767647798111781,0.05513482756584782,-0.01161831375113239,0.053597423375878604,-0.015066272513919482,0.05795338084009038
0.029736997803145506,0.0389449735095008,0.029256190841285966,0.039328066604356796,0.011006562580254647,0.05697746630337401,0.008433779594024207,0.05489814013821998,-0.012228580847239406,0.0509667999589676,-0.01544012399026172,0.05735511544298374
0.029610485243743982,0.039041249514199974,0.029158677353858964,0.039399681544390816,0.010073562339260586,0.05619667557781821,0.008107248555468974,0.05465869021292221,-0.012640920069369024,0.048447334385945444,-0.015800951109011585,0.05675582845427179
0.029486638237958437,0.03913487147575379,0.029062384474008766,0.03947003733145202,0.009241352270905941,0.0554483136665444,0.007787987677047532,0.05441661021373661,-0.012877989870929897,0.04613516687223233,-0.01614891930004987,0.05615571468724744
0.02936624528897229,0.03922529334024046,0.0289673013828059,0.0395391573988961,0.008525065867495681,0.05477023593652623,0.007475928314454476,0.054172027371561716,-0.012980735487411008,0.044116574214691166,-0.01648419480162222,0.05555495913504354
0.029249032422905413,0.03931277276310879,0.028873417337736337,0.039607064630434695,0.007901585932564795,0.054154825462855,0.00717100043425279,0.05392506381144426,-0.012991338420608976,0.04234441852775923,-0.01680694424378662,0.05495373723721229
0.02913356184153948,0.039398420963602014,0.028780721676284406,0.03967378137353878,0.007336264354128385,0.05357155831019193,0.006873132851092235,0.05367583664647333,-0.01293185412128425,0.04071841186791419,-0.0171173342580673,0.05435221515317946
0.02902060000378602,0.03948170177968846,0.02868920381925176,0.039739329452505856,0.006837413022896085,0.053042904358032134,0.006582253452597955,0.05342445807763411,-0.012827879696073925,0.03928513338024561,-0.017415531112470017,0.053750550041020424
0.028910165299163595,0.03956263821302919,0.028598853273826517,0.03980373018119708,0.006399519121868761,0.05257304976227087,0.006298289412195401,0.05317103549877369,-0.012700717779667588,0.03804098348437393,-0.017701700370968007,0.053148890340123135
0.028802275561207045,0.03964125278666525,0.028509659636416385,0.03986700437545175,0.006017551341215743,0.05216548299131023,0.006021167390175962,0.0529156716058927,-0.012568761433946384,0.03698164364074263,-0.017976006576527925,0.05254737605643769
0.028696948075110647,0.0397175675384886,0.02842161259525871,0.03992917236518545,0.005687020376163934,0.051823071546552246,0.005750813723326732,0.052658464510014526,-0.012447606380089453,0.036102533629185085,-0.01823861295672788,0.05194613904908838
0.028594199585219263,0.039791604014925645,0.028334701932819784,0.039990254006178894,0.00540402785154372,0.0515481313492466,0.005487154603500959,0.05239950785298756,-0.012350178427000234,0.03539919456012917,-0.01848968115097306,0.051345303317341794
0.0284940463023645,0.039863383264829744,0.028248917527995042,0.04005026869156413,0.005165305163348167,0.051342487623130824,0.00523011624547369,0.0521388909255407,-0.01228686227533082,0.03486760213969535,-0.01872937095835457,0.05074498528684412
